{"OutputFileHashSum":"7C16CA26F3C5C7EC5CF3250B46F574E8D69C81EA6C9F5E3C033102CD6AB13BE3","Converted":true,"OutputModifyDate":"2023-02-22T13:36:24.9126738Z","Metadatas":[{"CategoryName":"VuGen.Replay","Offset":522,"Length":23,"TypeId":1},{"CategoryName":"VuGen.Replay","Offset":10423,"Length":237,"TypeId":2},{"CategoryName":"VuGen.Replay","Offset":10660,"Length":180,"TypeId":3},{"CategoryName":"VuGen.Replay","Offset":10840,"Length":177,"TypeId":3},{"CategoryName":"VuGen.Replay","Offset":11163,"Length":21,"TypeId":1},{"CategoryName":"VuGen.Replay","Offset":12615,"Length":114,"TypeId":3}],"MetadataTypes":[{"CategoryName":"VuGen.Replay","MetadataTypeName":"HP.LR.Vugen.Iteration","Id":1},{"CategoryName":"VuGen.Replay","MetadataTypeName":"Utt.Debugger.Warning","Id":2},{"CategoryName":"VuGen.Replay","MetadataTypeName":"Utt.Debugger.Error","Id":3}]}